E01,36056563,16.82,26.30,M3s,230,4
E02,36084572,25.35,23.86,M3s,M3d,225,3
E03,36063811,19.05,19.15,M1,235,4
E04,36049379,15.00,13.37,M3h,M2,205,3
E05,36095469,28.75,9.42,M3d,M2,245,4
E06,36042908,12.63,1.34,M1,M3d,435,8
E07,36099296,29.77,6.88,M3e,390,7
E08,36016339,4.90,27.30,M3s,M3d,215,4
E09,36056726,16.81,15.02,M3d,345,5
E10,36069302,20.97,20.00,M2,265,4
E11,36020839,6.26,25.69,M3d,375,7
E12,36081978,24.52,16.49,M2,315,5
E13,36020872,6.27,19.20,M2,M1,380,5
E14,36053447,16.00,11.89,M3h,M2,325,5
