E01,36048401,14.43,4.96,M2,385,7
E02,36070648,21.09,17.24,M2,210,5
E03,36010842,3.30,6.14,M3s,370,6
E04,36031232,9.48,8.71,M2,320,6
E05,36095919,28.75,4.33,M2,500,7
E06,36032268,9.78,13.61,M1,235,4
E07,36098166,29.66,1.30,M1,275,5
E08,36005614,1.63,26.86,M3e,495,7
E09,36066749,19.92,15.26,M3d,285,5
E10,36008008,2.46,8.47,M2,425,8
E11,36057806,17.30,11.31,M3s,330,5
E12,36062796,18.76,20.80,M1,230,3
E13,36084402,25.23,25.74,M1,485,7
E14,36007137,2.20,6.22,M3s,395,8
E15,36009235,2.76,8.15,M2,385,7
E16,36014815,4.43,18.38,M1,470,9
E17,36080813,24.03,29.61,M3h,270,5
E18,36054533,16.29,24.84,M2,340,6
